{
  "$schema": "https://schema.management.azure.com/schemas/2019-04-01/deploymentTemplate.json#",
  "contentVersion": "1.0.0.0",
  "parameters": {
    "existingVNetName": {
      "type": "string",
      "metadata": {
        "description": "Existing virtual network that contains the domain controller"
      }
    },
    "existingSubnetName": {
      "type": "string",
      "metadata": {
        "description": "Existing subnet on the virtual network containing the domain controller"
      }
    },
    "vmName": {
      "type": "string",
      "metadata": {
        "description": "Host name of the Azure VM"
      }
    },
    "vmSize": {
      "type": "string",
      "defaultValue": "Standard_D2s_v3",
      "metadata": {
        "description": "The size of the virtual machines"
      }
    },
    "domainToJoin": {
      "type": "string",
      "metadata": {
        "description": "The name of the AD domain"
      }
    },
    "domainUsername": {
      "type": "string",
      "metadata": {
        "description": "Username of the account on the domain"
      }
    },
    "domainPassword": {
      "type": "securestring",
      "metadata": {
        "description": "Password of the account on the domain"
      }
    },
    "ouPath": {
      "type": "string",
      "defaultValue": "",
      "metadata": {
        "description": "Specifies an organizational unit (OU) for the domain account. Enter the full distinguished name of the OU in quotation marks. Example: \"OU=testOU; DC=domain; DC=Domain; DC=com\""
      }
    },
    "domainJoinOptions": {
      "type": "int",
      "defaultValue": 3,
      "metadata": {
        "description": "Set of bit flags that define the join options. Default value of 3 is a combination of NETSETUP_JOIN_DOMAIN (0x00000001) & NETSETUP_ACCT_CREATE (0x00000002) i.e. will join the domain and create the account on the domain. For more information see https://msdn.microsoft.com/en-us/library/aa392154(v=vs.85).aspx"
      }
    },
    "vmAdminUsername": {
      "type": "string",
      "metadata": {
        "description": "The name of the administrator of the new VM and the domain. Exclusion list: 'admin','administrator"
      }
    },
    "vmAdminPassword": {
      "type": "securestring",
      "metadata": {
        "description": "The password for the administrator account of the new VM and the domain"
      }
    },
    "location": {
      "type": "string",
      "defaultValue": "[resourceGroup().location]",
      "metadata": {
        "description": "Location for all resources."
      }
    }
  },
  "variables": {
    "storageAccountName": "[concat(uniquestring(resourceGroup().id, deployment().name))]",
    "imagePublisher": "MicrosoftWindowsDesktop",
    "imageOffer": "Windows-10",
    "windowsOSVersion": "20h2-pro",
    "nicName": "[concat(parameters('vmName'),'-nic')]",
    "nsgName": "[concat(parameters('vmName'),'-nsg')]",
    "subnetId": "[resourceId(resourceGroup().name, 'Microsoft.Network/virtualNetworks/subnets', parameters('existingVNETName'), parameters('existingSubnetName'))]",
    "computeAPIVersion": "2019-07-01",
    "computeextensionAPIVersion": "2015-06-15",
    "networkAPIVersion": "2019-11-01",
    "storageAPIVersion": "2019-06-01" 
  },
  "resources": [
    {
      "apiVersion": "[variables('storageAPIVersion')]",
      "type": "Microsoft.Storage/storageAccounts",
      "name": "[variables('storageAccountName')]",
      "location": "[parameters('location')]",
      "sku": {
        "name": "Standard_LRS"
      },
      "kind": "Storage",
      "properties": {}
    },
    {
      "apiVersion": "[variables('networkAPIVersion')]",
      "type": "Microsoft.Network/networkInterfaces",
      "name": "[variables('nicName')]",
      "location": "[parameters('location')]",
      "dependsOn": [
        "[variables('nsgName')]"
      ],
      "properties": {
        "ipConfigurations": [
          {
            "name": "ipconfig",
            "properties": {
              "privateIPAllocationMethod": "Dynamic",
              "subnet": {
                "id": "[variables('subnetId')]"
              }
            }
          }
        ],
        "networkSecurityGroup": {
          "id": "[resourceId('Microsoft.Network/networkSecurityGroups', variables('nsgName'))]"
        }
      }
    },
    {
      "apiVersion": "[variables('computeAPIVersion')]",
      "type": "Microsoft.Compute/virtualMachines",
      "name": "[parameters('vmName')]",
      "location": "[parameters('location')]",
      "dependsOn": [
        "[resourceId('Microsoft.Storage/storageAccounts',variables('storageAccountName'))]",
        "[resourceId('Microsoft.Network/networkInterfaces', variables('nicName'))]"
      ],
      "properties": {
        "hardwareProfile": {
          "vmSize": "[parameters('vmSize')]"
        },
        "osProfile": {
          "computerName": "[parameters('vmName')]",
          "adminUsername": "[parameters('vmAdminUsername')]",
          "adminPassword": "[parameters('vmAdminPassword')]"
        },
        "storageProfile": {
          "imageReference": {
            "publisher": "[variables('imagePublisher')]",
            "offer": "[variables('imageOffer')]",
            "sku": "[variables('windowsOSVersion')]",
            "version": "latest"
          },
          "osDisk": {
            "name": "[concat(parameters('vmName'),'-osdisk')]",
            "caching": "ReadWrite",
            "createOption": "FromImage",
            "managedDisk": {
              "storageAccountType": "Standard_LRS"
            }
          },
          "dataDisks": []
        },
        "networkProfile": {
          "networkInterfaces": [
            {
              "id": "[resourceId('Microsoft.Network/networkInterfaces', variables('nicName'))]"
            }
          ]
        },
        "diagnosticsProfile": {
          "bootDiagnostics": {
            "enabled": true,
            "storageUri": "[reference(concat('Microsoft.Storage/storageAccounts/', variables('storageAccountName')), '2015-06-15').primaryEndpoints.blob]"
          }
        }
      }
    },
    {
      "apiVersion": "[variables('computeextensionAPIVersion')]",
      "type": "Microsoft.Compute/virtualMachines/extensions",
      "name": "[concat(parameters('vmName'),'/joindomain')]",
      "location": "[parameters('location')]",
      "dependsOn": [
        "[concat('Microsoft.Compute/virtualMachines/', parameters('vmName'))]"
      ],
      "properties": {
        "publisher": "Microsoft.Compute",
        "type": "JsonADDomainExtension",
        "typeHandlerVersion": "1.3",
        "autoUpgradeMinorVersion": true,
        "settings": {
          "Name": "[parameters('domainToJoin')]",
          "OUPath": "[parameters('ouPath')]",
          "User": "[concat(parameters('domainToJoin'), '\\', parameters('domainUsername'))]",
          "Restart": "true",
          "Options": "[parameters('domainJoinOptions')]"
        },
        "protectedSettings": {
          "Password": "[parameters('domainPassword')]"
        }
      }
    },
    {
      "name": "[variables('nsgName')]",
      "type": "Microsoft.Network/networkSecurityGroups",
      "apiVersion": "[variables('networkAPIVersion')]",
      "location": "[resourceGroup().location]",
      "properties": {
        "securityRules": [
          {
            "name": "default-allow-rdp",
            "properties": {
              "priority": 1000,
              "sourceAddressPrefix": "*",
              "protocol": "Tcp",
              "destinationPortRange": "3389",
              "access": "Allow",
              "direction": "Inbound",
              "sourcePortRange": "*",
              "destinationAddressPrefix": "*"
            }
          }
        ]
      }
    }
  ]
}