{
  "$schema": "https://schema.management.azure.com/schemas/2015-01-01/deploymentParameters.json#",
  "contentVersion": "1.0.0.0",
  "parameters": {
    "adminUsername": {
      "value": "Student"
    },
    "adminPassword": {
      "value": "Pa55w.rd1234"
    },
    "domainName": {
      "value": null
    },
    "vmSize": {
      "value": "Standard_D2s_v3"
    },
    "_artifactsLocation": {
      "value": "[deployment().properties.templateLink.uri]"
    },
    "_artifactsLocationSasToken": {
      "value": null
    },
    "location": {
      "value": "[resourceGroup().location]"
    },
    "virtualMachineName": {
      "value": "Exceed-dc-vm11"
    },
    "virtualNetworkName": {
      "value": "Exceed-adds-vnet11"
    },
    "virtualNetworkAddressRange": {
      "value": "10.0.0.0/16"
    },
    "networkInterfaceName": {
      "value": "Exceed-dc-vm11-nic"
    },
    "privateIPAddress": {
      "value": "10.0.0.4"
    },
    "subnetName": {
      "value": "adds-subnet"
    },
    "subnetRange": {
      "value": "10.0.0.0/24"
    },
    "availabilitySetName": {
      "value": "Exceed-dc-advset11"
    }
  }
}