{
  "$schema": "https://schema.management.azure.com/schemas/2015-01-01/deploymentParameters.json#",
  "contentVersion": "1.0.0.0",
  "parameters": {
    "nestedTemplatesLocation": {
      "value": "https://raw.githubusercontent.com/Azure/RDS-Templates/master/ARM-wvd-templates/nestedtemplates/"
    },
    "artifactsLocation": {
      "value": "https://raw.githubusercontent.com/Azure/RDS-Templates/master/ARM-wvd-templates/DSC/Configuration.zip"
    },
    "hostpoolName": {
      "value": "exceed140-23-hp2"
    },
    "hostpoolToken": {
      "value": null
    },
    "hostpoolResourceGroup": {
      "value": "exceed140-23-RG"
    },
    "hostpoolLocation": {
      "value": null
    },
    "hostpoolProperties": {
      "value": {}
    },
    "vmTemplate": {
      "value": null
    },
    "administratorAccountUsername": {
      "value": "student@adatum.com"
    },
    "administratorAccountPassword": {
      "value": "Pa55w.rd1234"
    },
    "createAvailabilitySet": {
      "value": true
    },
    "vmResourceGroup": {
      "value": "exceed140-23-RG"
    },
    "vmLocation": {
      "value": null
    },
    "vmSize": {
      "value": "Standard_D2s_v3"
    },
    "vmInitialNumber": {
      "value": 2
    },
    "vmNumberOfInstances": {
      "value": 1
    },
    "vmNamePrefix": {
      "value": "exceed-23-p2"
    },
    "vmImageType": {
      "value": "Gallery"
    },
    "vmGalleryImageOffer": {
      "value": "office-365"
    },
    "vmGalleryImagePublisher": {
      "value": "MicrosoftWindowsDesktop"
    },
    "vmGalleryImageSKU": {
      "value": "20h1-evd-o365pp"
    },
    "vmImageVhdUri": {
      "value": null
    },
    "vmCustomImageSourceId": {
      "value": null
    },
    "vmDiskType": {
      "value": "StandardSSD_LRS"
    },
    "vmUseManagedDisks": {
      "value": true
    },
    "storageAccountResourceGroupName": {
      "value": null
    },
    "bootDiagnostics": {
      "value": {}
    },
    "existingVnetName": {
      "value": "exceed-adds-vnet11"
    },
    "existingSubnetName": {
      "value": "hp2-Subnet"
    },
    "virtualNetworkResourceGroupName": {
      "value": "exceed140-11-RG"
    },
    "usePublicIP": {
      "value": true
    },
    "publicIpAddressSku": {
      "value": "Basic"
    },
    "publicIpAddressType": {
      "value": "Dynamic"
    },
    "createNetworkSecurityGroup": {
      "value": false
    },
    "networkSecurityGroupId": {
      "value": null
    },
    "networkSecurityGroupRules": {
      "value": []
    },
    "availabilitySetTags": {
      "value": {}
    },
    "networkInterfaceTags": {
      "value": {}
    },
    "networkSecurityGroupTags": {
      "value": {}
    },
    "publicIPAddressTags": {
      "value": {}
    },
    "virtualMachineTags": {
      "value": {}
    },
    "imageTags": {
      "value": {}
    },
    "deploymentId": {
      "value": null
    },
    "apiVersion": {
      "value": "2019-12-10-preview"
    },
    "ouPath": {
      "value": "ou=WVDInfra,dc=adatum,dc=com"
    },
    "domain": {
      "value": "adatum.com"
    },
    "systemData": {
      "value": {}
    }    
  }
}
