{
  "$schema": "https://schema.management.azure.com/schemas/2015-01-01/deploymentTemplate.json#",
  "contentVersion": "1.0.0.0",
  "parameters": {
     "vmSize": {
        "type": "string",
        "defaultValue": "Standard_D2s_v3",
        "metadata": {
          "description": "Virtual machine size"
        }
     },
     "namePrefix": {
        "type": "string",
        "defaultValue": "az140-25",
        "metadata": {
          "description": "Resource naming prefix"
        }
     },
     "adminUsername": {
        "type": "string",
        "metadata": {
          "description": "Admin username"
        }
     },
     "adminPassword": {
        "type": "securestring",
        "metadata": {
          "description": "Admin password"
        }
     }
  },
  "variables": {
    "vmName": "[concat(parameters('namePrefix'),'-vm0')]",
    "nicName": "[concat(parameters('namePrefix'),'-nic0')]",
    "virtualNetworkName": "[concat(parameters('namePrefix'),'-vnet')]",
    "publicIPAddressName": "[concat(parameters('namePrefix'),'-pip')]",
    "nsgName": "[concat(parameters('namePrefix'),'-nsg')]",
    "vnetIpPrefix": "10.25.0.0/16", 
    "subnetIpPrefix": "10.25.0.0/24", 
    "subnetName": "subnet0",
    "subnetRef": "[resourceId('Microsoft.Network/virtualNetworks/subnets', variables('virtualNetworkName'), variables('subnetName'))]",
    "imagePublisher": "MicrosoftWindowsDesktop",
    "imageOffer": "office-365",
    "imageSku": "20h2-evd-o365pp-g2",
    "windowsImage": {
      "publisher": "[variables('imagePublisher')]",
      "offer": "[variables('imageOffer')]",
      "sku": "[variables('imageSku')]",
      "version": "latest"
    },
    "computeApiVersion": "2019-07-01",
    "networkApiVersion": "2019-11-01"
  },
  "resources": [
        {
            "name": "[variables('vmName')]",
            "type": "Microsoft.Compute/virtualMachines",
            "apiVersion": "[variables('computeApiVersion')]",
            "location": "[resourceGroup().location]",
            "dependsOn": [
                "[variables('nicName')]"
            ],
            "properties": {
                "osProfile": {
                    "computerName": "[variables('vmName')]",
                    "adminUsername": "[parameters('adminUsername')]",
                    "adminPassword": "[parameters('adminPassword')]",
                    "windowsConfiguration": {
                        "provisionVmAgent": "true"
                    }
                },
                "hardwareProfile": {
                    "vmSize": "[parameters('vmSize')]"
                },
                "storageProfile": {
                    "imageReference": "[variables('windowsImage')]",
                    "osDisk": {
                        "name": "[concat(variables('vmName'), '-osdisk')]",
                        "caching": "ReadWrite",
                        "createOption": "FromImage",
                        "managedDisk": {
                            "storageAccountType": "Standard_LRS"
                        }
                    }
                },
                "networkProfile": {
                    "networkInterfaces": [
                        {
                            "properties": {
                                "primary": true
                            },
                            "id": "[resourceId('Microsoft.Network/networkInterfaces', variables('nicName'))]"
                        }
                    ]
                }
            }
        },
        {
            "type": "Microsoft.Network/virtualNetworks",
            "name": "[variables('virtualNetworkName')]",
            "apiVersion": "[variables('networkApiVersion')]",
            "location": "[resourceGroup().location]",
            "comments": "Virtual Network",
            "properties": {
                "addressSpace": {
                    "addressPrefixes": [
                        "[variables('vnetIpPrefix')]"
                    ]
                },
                "subnets": [
                    {
                        "name": "[variables('subnetName')]",
                        "properties": {
                            "addressPrefix": "[variables('subnetIpPrefix')]"
                        }
                    }
                ]
            }
        },
        {
            "name": "[variables('nicName')]",
            "type": "Microsoft.Network/networkInterfaces",
            "apiVersion": "[variables('networkApiVersion')]",
            "location": "[resourceGroup().location]",
            "comments": "Primary NIC",
            "dependsOn": [
                "[variables('publicIpAddressName')]",
                "[variables('nsgName')]",
                "[variables('virtualNetworkName')]"
            ],
            "properties": {
                "ipConfigurations": [
                    {
                        "name": "ipconfig1",
                        "properties": {
                            "subnet": {
                                "id": "[variables('subnetRef')]"
                            },
                            "privateIPAllocationMethod": "Dynamic",
                            "publicIpAddress": {
                                "id": "[resourceId('Microsoft.Network/publicIpAddresses', variables('publicIpAddressName'))]"
                            }
                        }
                    }
                ],
                "networkSecurityGroup": {
                    "id": "[resourceId('Microsoft.Network/networkSecurityGroups', variables('nsgName'))]"
                }
            }
        },
        {
            "name": "[variables('publicIpAddressName')]",
            "type": "Microsoft.Network/publicIpAddresses",
            "apiVersion": "[variables('networkApiVersion')]",
            "location": "[resourceGroup().location]",
            "comments": "Public IP for Primary NIC",
            "properties": {
                "publicIpAllocationMethod": "Dynamic"
            }
        },
        {
            "name": "[variables('nsgName')]",
            "type": "Microsoft.Network/networkSecurityGroups",
            "apiVersion": "[variables('networkApiVersion')]",
            "location": "[resourceGroup().location]",
            "comments": "Network Security Group (NSG) for Primary NIC",
            "properties": {
                "securityRules": [
                    {
                        "name": "default-allow-rdp",
                        "properties": {
                            "priority": 1000,
                            "sourceAddressPrefix": "*",
                            "protocol": "Tcp",
                            "destinationPortRange": "3389",
                            "access": "Allow",
                            "direction": "Inbound",
                            "sourcePortRange": "*",
                            "destinationAddressPrefix": "*"
                       }
                   }
               ]
           }
       }
  ],
  "outputs": {}
}