{
  "$schema": "https://schema.management.azure.com/schemas/2019-04-01/deploymentParameters.json#",
  "contentVersion": "1.0.0.0",
  "parameters": {
    "nestedTemplatesLocation": {
      "value": "https://raw.githubusercontent.com/Azure/RDS-Templates/master/ARM-wvd-templates/nestedtemplates/"
    },
    "artifactsLocation": {
      "value": "https://raw.githubusercontent.com/Azure/RDS-Templates/master/ARM-wvd-templates/DSC/Configuration.zip"
    },
    "hostpoolName": {
      "value": "exceed140-23-hp2"
    },
    "hostpoolFriendlyName": {
      "value": "exceed140-23 hostpool 2"
    },
    "hostpoolDescription": {
      "value": "exceed140-23 hostpool 2"
    },
    "hostpoolDiagnosticSettingsStorageAccount": {
      "value": null
    },
    "hostpoolDiagnosticSettingsLogAnalyticsWorkspaceId": {
      "value": null
    },
    "hostpoolDiagnosticSettingsEventHubName": {
      "value": null
    },
    "hostpoolDiagnosticSettingsEventHubAuthorizationId": {
      "value": null
    },
    "hostpoolDiagnosticSettingsLogCategories": {
      "value": []
    },
    "appGroupDiagnosticSettingsLogCategories": {
      "value": []
    },
    "workspaceDiagnosticSettingsLogCategories": {
      "value": []
    },
    "location": {
      "value": null
    },
    "workSpaceName": {
      "value": "exceed140-23-ws1"
    },
    "workspaceLocation": {
      "value": null
    },
    "workspaceResourceGroup": {
      "value": null
    },
    "isNewWorkspace": {
      "value": null
    },
    "allApplicationGroupReferences": {
      "value": null
    },
    "addToWorkspace": {
      "value": true
    },
    "administratorAccountUsername": {
      "value": "student@adatum.com"
    },
    "administratorAccountPassword": {
      "value": "Pa55w.rd1234"
    },
    "vmAdministratorAccountUsername": {
      "value": null
    },
    "vmAdministratorAccountPassword": {
      "value": null
    },
    "availabilityOption": {
      "value": "None"
    },
    "availabilitySetName": {
      "value": null
    },
    "createAvailabilitySet": {
      "value": true
    },
    "availabilitySetUpdateDomainCount": {
      "value": 5
    },
    "availabilitySetFaultDomainCount": {
      "value": 2
    },
    "availabilityZone": {
      "value": 1
    },
    "vmResourceGroup": {
      "value": "exceed140-23-RG"
    },
    "vmLocation": {
      "value": null
    },
    "vmSize": {
      "value": "Standard_D2s_v3"
    },
    "vmNumberOfInstances": {
      "value": 2
    },
    "vmNamePrefix": {
      "value": "exceed-23-p2"
    },
    "vmImageType": {
      "value": "Gallery"
    },
    "vmGalleryImageOffer": {
      "value": "office-365"
    },
    "vmGalleryImagePublisher": {
      "value": "MicrosoftWindowsDesktop"
    },
    "vmGalleryImageHasPlan": {
      "value": null
    },
    "vmGalleryImageSKU": {
      "value": "20h2-evd-o365pp-g2"
    },
    "vmImageVhdUri": {
      "value": null
    },
    "vmCustomImageSourceId": {
      "value": null
    },
    "vmDiskType": {
      "value": "StandardSSD_LRS"
    },
    "vmUseManagedDisks": {
      "value": true
    },
    "storageAccountResourceGroupName": {
      "value": null
    },
    "existingVnetName": {
      "value": "exceed-adds-vnet11"
    },
    "existingSubnetName": {
      "value": "hp2-Subnet"
    },
    "virtualNetworkResourceGroupName": {
      "value": "exceed140-11-RG"
    },
    "createNetworkSecurityGroup": {
      "value": null
    },
    "networkSecurityGroupId": {
      "value": null
    },
    "networkSecurityGroupRules": {
      "value": []
    },
    "hostpoolType": {
      "value": "Personal"
    },
    "personalDesktopAssignmentType": {
      "value": "Automatic"
    },
    "maxSessionLimit": {
      "value": 99999
    },
    "loadBalancerType": {
      "value": "BreadthFirst"
    },
    "customRdpProperty": {
      "value": null
    },
    "vmTemplate": {
      "value": null
    },
    "tokenExpirationTime": {
      "value": null
    },
    "hostpoolTags": {
      "value": {}
    },
    "applicationGroupTags": {
      "value": {}
    },
    "availabilitySetTags": {
      "value": {}
    },
    "networkInterfaceTags": {
      "value": {}
    },
    "networkSecurityGroupTags": {
      "value": {}
    },
    "virtualMachineTags": {
      "value": {}
    },
    "imageTags": {
      "value": {}
    },
    "apiVersion": {
      "value": "2019-12-10-preview"
    },
    "deploymentId": {
      "value": null
    },
    "validationEnvironment": {
      "value": null
    },
    "preferredAppGroupType": {
      "value": "Desktop"
    },
    "ouPath": {
      "value": "ou=WVDInfra,dc=adatum,dc=com"
    },
    "domain": {
      "value": "adatum.com"
    },
    "aadJoin": {
      "value": null
    },
    "intune": {
      "value": null
    },
    "bootDiagnostics": {
      "value": {}
    },
    "userAssignedIdentity": {
      "value": null
    },
    "customConfigurationTemplateUrl": {
      "value": null
    },
    "customConfigurationParameterUrl": {
      "value": null
    },
    "systemData": {
      "value": {}      
    }
  }
}
